[{"model": "contenttypes.contenttype", "pk": 1, "fields": {"app_label": "admin", "model": "logentry"}}, {"model": "contenttypes.contenttype", "pk": 2, "fields": {"app_label": "auth", "model": "permission"}}, {"model": "contenttypes.contenttype", "pk": 3, "fields": {"app_label": "auth", "model": "group"}}, {"model": "contenttypes.contenttype", "pk": 4, "fields": {"app_label": "auth", "model": "user"}}, {"model": "contenttypes.contenttype", "pk": 5, "fields": {"app_label": "contenttypes", "model": "contenttype"}}, {"model": "contenttypes.contenttype", "pk": 6, "fields": {"app_label": "sessions", "model": "session"}}, {"model": "contenttypes.contenttype", "pk": 7, "fields": {"app_label": "courses", "model": "domain"}}, {"model": "contenttypes.contenttype", "pk": 8, "fields": {"app_label": "courses", "model": "knowledgebase"}}, {"model": "contenttypes.contenttype", "pk": 9, "fields": {"app_label": "courses", "model": "language"}}, {"model": "contenttypes.contenttype", "pk": 10, "fields": {"app_label": "courses", "model": "randomdata"}}, {"model": "contenttypes.contenttype", "pk": 11, "fields": {"app_label": "courses", "model": "softskills"}}, {"model": "contenttypes.contenttype", "pk": 12, "fields": {"app_label": "courses", "model": "softskillsdata"}}, {"model": "sessions.session", "pk": "w6bke4n4svctne9xik7rniyfcrvxvrgh", "fields": {"session_data": "ZGYyZTA4MTViMTA4ODgwMDcxYTgzZWY5NTgwNWZkNjZlNjY4MWMzMTp7Il9hdXRoX3VzZXJfaWQiOiIxIiwiX2F1dGhfdXNlcl9iYWNrZW5kIjoiZGphbmdvLmNvbnRyaWIuYXV0aC5iYWNrZW5kcy5Nb2RlbEJhY2tlbmQiLCJfYXV0aF91c2VyX2hhc2giOiI0NDBkNTRiYTY2NmIxMDYzZDcyNWMyMGUxMDczNWI3MzhhNzcwNTdmIn0=", "expire_date": "2018-03-17T09:41:02.723Z"}}, {"model": "courses.language", "pk": 1, "fields": {"language_name": "Python", "slug": "python", "site_url": "https://www.python.org/", "description": "Python can be easy to pick up whether you're a first-time programmer or you're experienced with other languages.", "icon": "https://upload.wikimedia.org/wikipedia/commons/thumb/0/0a/Python.svg/1200px-Python.svg.png"}}, {"model": "courses.language", "pk": 2, "fields": {"language_name": "JavaScript", "slug": "javascript", "site_url": "https://www.javascript.com/", "description": "JavaScript, often abbreviated as JS, is a high-level, interpreted programming language. It is a language which is also characterized as dynamic, weakly typed, prototype-based and multi-paradigm. Alongside HTML and CSS, JavaScript is one of the three core technologies of World Wide Web content engineering. It is used to make webpages interactive and provide online programs, including video games. The majority of websites employ it, and all modern web browsers support it without the need for plug-ins by means of a built-in JavaScript engine. Each of the many JavaScript engines represent a different implementation of JavaScript, all based on the ECMAScript specification, with some engines not supporting the spec fully, and with many engines supporting additional features beyond ECMA.", "icon": "https://cdn.worldvectorlogo.com/logos/logo-javascript.svg"}}, {"model": "courses.language", "pk": 3, "fields": {"language_name": "C++", "slug": "c", "site_url": "", "description": "Language used mostly for embedded systems", "icon": ""}}, {"model": "courses.language", "pk": 4, "fields": {"language_name": "Java", "slug": "java", "site_url": "https://www.java.com/en/", "description": "Java is a set of computer software and specifications developed by Sun Microsystems, which was later acquired by the Oracle Corporation, that provides a system for developing application software and deploying it in a cross-platform computing environment. Java is used in a wide variety of computing platforms from embedded devices and mobile phones to enterprise servers and supercomputers.", "icon": "https://upload.wikimedia.org/wikipedia/en/thumb/3/30/Java_programming_language_logo.svg/1200px-Java_programming_language_logo.svg.png"}}, {"model": "courses.language", "pk": 5, "fields": {"language_name": "R", "slug": "r", "site_url": "https://www.r-project.org/", "description": "R is a programming language and software environment for statistical computing and graphics supported by the R Foundation for Statistical Computing.", "icon": "https://upload.wikimedia.org/wikipedia/commons/thumb/1/1b/R_logo.svg/2000px-R_logo.svg.png"}}, {"model": "courses.language", "pk": 6, "fields": {"language_name": "HTML", "slug": "html", "site_url": "https://www.w3schools.com/html/", "description": "Hypertext Markup Language (HTML) is the standard markup language for creating web pages and web applications. With Cascading Style Sheets (CSS) and JavaScript, it forms a triad of cornerstone technologies for the World Wide Web.[3] Web browsers receive HTML documents from a web server or from local storage and render them into multimedia web pages. HTML describes the structure of a web page semantically and originally included cues for the appearance of the document.", "icon": "https://upload.wikimedia.org/wikipedia/commons/thumb/6/61/HTML5_logo_and_wordmark.svg/2000px-HTML5_logo_and_wordmark.svg.png"}}, {"model": "courses.language", "pk": 7, "fields": {"language_name": "CSS", "slug": "css", "site_url": "https://www.w3schools.com/css/", "description": "Cascading Style Sheets (CSS) is a style sheet language used for describing the presentation of a document written in a markup language.[1] Although most often used to set the visual style of web pages and user interfaces written in HTML and XHTML, the language can be applied to any XML document, including plain XML, SVG and XUL, and is applicable to rendering in speech, or on other media. Along with HTML and JavaScript, CSS is a cornerstone technology used by most websites to create visually engaging webpages, user interfaces for web applications, and user interfaces for many mobile applications.", "icon": "https://cdn.worldvectorlogo.com/logos/css-3.svg"}}, {"model": "courses.language", "pk": 8, "fields": {"language_name": "Ruby", "slug": "ruby", "site_url": "http://www.ruby-lang.org/en/", "description": "Ruby is a dynamic, reflective, object-oriented, general-purpose programming language. It was designed and developed in the mid-1990s by Yukihiro \"Matz\" Matsumoto in Japan.", "icon": "https://encrypted-tbn0.gstatic.com/images?q=tbn:ANd9GcRE5d7yDDMVlMM9degSGrE0Ksgl0p9rJWuhBghk8OTcCwgIgaXexg"}}, {"model": "courses.language", "pk": 17, "fields": {"language_name": "C", "slug": "c-O097BXDHHP", "site_url": "http://www.learn-c.org/", "description": "C is a general-purpose, imperative computer programming language, supporting structured programming, lexical variable scope and recursion, while a static type system prevents many unintended operations. By design, C provides constructs that map efficiently to typical machine instructions, and therefore it has found lasting use in applications that had formerly been coded in assembly language, including operating systems, as well as various application software for computers ranging from supercomputers to embedded systems.", "icon": "https://upload.wikimedia.org/wikipedia/commons/thumb/3/35/The_C_Programming_Language_logo.svg/1200px-The_C_Programming_Language_logo.svg.png"}}, {"model": "courses.domain", "pk": 1, "fields": {"domain_name": "Web Development", "slug": "web-development", "description": "Web development is a broad term for the work involved in developing a web site for the Internet (World Wide Web) or an intranet (a private network). Web development can range from developing the simplest static single page of plain text to the most complex web-based internet applications (or just 'web apps') electronic businesses, and social network services. A more comprehensive list of tasks to which web development commonly refers, may include web engineering, web design, web content development, client liaison, client-side/server-side scripting, web server and network security configuration, and e-commerce development. Among web professionals, \"web development\" usually refers to the main non-design aspects of building web sites: writing markup and coding. Most recently Web development has come to mean the creation of content management systems or CMS. These CMS can be made from scratch, proprietary or open source. In broad terms the CMS acts as middleware between the database and the user through the browser. A principle benefit of a CMS is that it allows non-technical people to make changes to their web site without having technical knowledge.", "icon": "https://cdn3.iconfinder.com/data/icons/web-design-and-development-glyph-vol-1/64/web-development-glyph-01-512.png"}}, {"model": "courses.domain", "pk": 2, "fields": {"domain_name": "Data Structures and Algorithms", "slug": "data-structures-and-algorithms", "description": "A data structure is an arrangement of data in a computer's memory or even disk storage. An example of several common data structures are arrays, linked lists, queues, stacks, binary trees, and hash tables. Algorithms, on the other hand, are used to manipulate the data contained in these data structures as in searching and sorting.\r\nMany algorithms apply directly to a specific data structures. When working with certain data structures you need to know how to insert new data, search for a specified item, and deleting a specific item.", "icon": "https://media.licdn.com/mpr/mpr/AAEAAQAAAAAAAAipAAAAJDAxZmQ4Mzk4LTYyMDEtNDAwNi1hYTUzLTI1Y2QxNWExMmY4OQ.png"}}, {"model": "courses.domain", "pk": 3, "fields": {"domain_name": "Artificial Intelligence", "slug": "artificial-intelligence", "description": "Artificial intelligence (AI, also machine intelligence, MI) is intelligence demonstrated by machines, in contrast to the natural intelligence (NI) displayed by humans and other animals. In computer science AI research is defined as the study of \"intelligent agents\": any device that perceives its environment and takes actions that maximize its chance of successfully achieving its goals. Colloquially, the term \"artificial intelligence\" is applied when a machine mimics \"cognitive\" functions that humans associate with other human minds, such as \"learning\" and \"problem solving\".", "icon": "https://www.iconfinder.com/icons/1106723/ai_artificial_computer_deep_learning_intelligence_machine_learning_icon"}}, {"model": "courses.domain", "pk": 4, "fields": {"domain_name": "Machine Learning", "slug": "machine-learning", "description": "Machine learning is a field of statistics and computer science that gives computer systems the ability to \"learn\" (i.e. progressively improve performance on a specific task) with data, without being explicitly programmed.", "icon": "https://cdn3.iconfinder.com/data/icons/modern-future-technology/128/artificial-intelligence-512.png"}}, {"model": "courses.domain", "pk": 5, "fields": {"domain_name": "Data Science", "slug": "data-science", "description": "Data science, also known as data-driven science, is an interdisciplinary field of scientific methods, processes, algorithms and systems to extract knowledge or insights from data in various forms, either structured or unstructured, similar to data mining.", "icon": "https://www.simplilearn.com/ice9/free_resources_article_thumb/Data-Science-vs.-Big-Data-vs.jpg"}}, {"model": "courses.softskills", "pk": 1, "fields": {"soft_skill_category": "Time Management", "slug": "time-management", "description": "Time Management", "icon": ""}}, {"model": "courses.softskills", "pk": 2, "fields": {"soft_skill_category": "Stress Management", "slug": "stress-management", "description": "Stress Management", "icon": ""}}, {"model": "courses.softskills", "pk": 3, "fields": {"soft_skill_category": "Personal Interview Tips", "slug": "personal-interview-tips", "description": "", "icon": ""}}, {"model": "courses.softskills", "pk": 4, "fields": {"soft_skill_category": "Body Language", "slug": "body-language", "description": "Does this really matter? Yes it does.SIT UP STRAIGHT!", "icon": ""}}, {"model": "courses.softskills", "pk": 5, "fields": {"soft_skill_category": "Group Discussion", "slug": "group-discussion", "description": "", "icon": ""}}, {"model": "courses.softskills", "pk": 6, "fields": {"soft_skill_category": "Improving English", "slug": "improving-english", "description": "Improve your English", "icon": null}}, {"model": "courses.softskillsdata", "pk": 1, "fields": {"is_active": true, "created_at": "2018-03-03T11:15:17.568Z", "modified_at": "2018-03-03T11:15:17.568Z", "title": "How to reduce and cope with stress", "description": "It may seem like there\u2019s nothing you can do about stress. The bills won\u2019t stop coming, there will never be more hours in the day, and your work and family responsibilities will always be demanding. But you have a lot more control than you might think. In fact, the simple realization that you\u2019re in control of your life is the foundation of managing stress. Stress management is all about taking charge: of your lifestyle, thoughts, emotions, and the way you deal with problems. No matter how stressful your life seems, there are steps you can take to relieve the pressure and regain control.", "slug": "how-to-reduce-and-cope-with-stress", "link_url": "https://www.helpguide.org/articles/stress/stress-management.htm", "data_type": "BL", "paid": false, "soft_skill": [2]}}, {"model": "courses.softskillsdata", "pk": 2, "fields": {"is_active": true, "created_at": "2018-03-03T11:16:33.493Z", "modified_at": "2018-03-03T11:16:33.493Z", "title": "Time Management Skills", "description": "Have you ever wondered how it is that some people seem to have enough time to do everything that they want to, whereas others are always rushing from task to task, and never seem to finish anything?\r\n\r\nIs it just that the former have less to do? No, it\u2019s much more likely that they are using their time more effectively and practicing good time management skills.\r\n\r\n\r\n\r\nRead more at: https://www.skillsyouneed.com/ps/time-management.html", "slug": "time-management-skills", "link_url": "https://www.skillsyouneed.com/ps/time-management.html", "data_type": "BL", "paid": false, "soft_skill": [1]}}, {"model": "courses.softskillsdata", "pk": 3, "fields": {"is_active": true, "created_at": "2018-03-03T12:49:49.568Z", "modified_at": "2018-03-03T12:49:49.568Z", "title": "Interview  Body Language", "description": "", "slug": "interview-body-language", "link_url": "https://www.youtube.com/watch?v=uEr6ptZ4JQU", "data_type": "VI", "paid": false, "soft_skill": [4]}}, {"model": "courses.softskillsdata", "pk": 4, "fields": {"is_active": true, "created_at": "2018-03-03T12:52:19.847Z", "modified_at": "2018-03-03T12:52:19.847Z", "title": "Group Discussion video with tips and pointers", "description": "", "slug": "group-discussion-video-with-tips-and-pointers", "link_url": "https://www.youtube.com/watch?v=SviJe3exMx8", "data_type": "VI", "paid": false, "soft_skill": [5]}}, {"model": "courses.softskillsdata", "pk": 5, "fields": {"is_active": true, "created_at": "2018-03-04T08:16:16.153Z", "modified_at": "2018-03-04T08:16:16.153Z", "title": "Playlist Consisting Of English Lessons", "description": "", "slug": "playlist-consisting-of-english-lessons", "link_url": "https://www.youtube.com/playlist?list=PLxYD9HaZwsI5C0d8CivHvoI_-0rs8XMfc", "data_type": "VI", "paid": false, "soft_skill": [6]}}, {"model": "courses.knowledgebase", "pk": 2, "fields": {"is_active": true, "created_at": "2018-03-03T10:00:34.590Z", "modified_at": "2018-03-03T12:20:11.954Z", "title": "Marina Mele Django", "description": "Marina Mele Django tutorial", "slug": "marina-mele-django", "skill_level": "BG", "data_type": "TU", "link_url": "http://www.marinamele.com/django", "paid": false, "project": false, "languages": [1], "domains": [1]}}, {"model": "courses.knowledgebase", "pk": 3, "fields": {"is_active": true, "created_at": "2018-03-03T10:08:11.846Z", "modified_at": "2018-03-03T12:20:22.305Z", "title": "Complete Python Bootcamp", "description": "Become a Python Programmer and learn one of employer's most request skills of 2017!\r\nThis is the most comprehensive, yet straight-forward, course for the Python programming language on Udemy! Whether you have never programmed before, already know basic syntax, or want to learn about the advanced features of Python, this course is for you! In this course we will teach you Python 3. (Note, we also provide older Python 2 notes in case you need them)\r\nby Jose Portilla", "slug": "complete-python-bootcamp", "skill_level": "BG", "data_type": "CO", "link_url": "https://www.udemy.com/complete-python-bootcamp/", "paid": true, "project": true, "languages": [1], "domains": [1]}}, {"model": "courses.knowledgebase", "pk": 4, "fields": {"is_active": true, "created_at": "2018-03-03T12:37:32.058Z", "modified_at": "2018-03-03T12:37:32.058Z", "title": "Django ORM optimizations", "description": "", "slug": "django-orm-optimizations", "skill_level": "AD", "data_type": "BL", "link_url": "http://scottlobdell.me/2015/01/sql-database-best-practices-django-orm/", "paid": false, "project": false, "languages": [1], "domains": [1]}}, {"model": "courses.knowledgebase", "pk": 5, "fields": {"is_active": true, "created_at": "2018-03-03T12:38:22.111Z", "modified_at": "2018-03-03T12:38:22.111Z", "title": "Machine learning in Python with scikit-learn", "description": "", "slug": "machine-learning-in-python-with-scikit-learn", "skill_level": "IT", "data_type": "VI", "link_url": "https://www.youtube.com/playlist?list=PL5-da3qGB5ICeMbQuqbbCOQWcS6OYBr5A", "paid": false, "project": false, "languages": [1], "domains": [4]}}, {"model": "courses.knowledgebase", "pk": 6, "fields": {"is_active": true, "created_at": "2018-03-03T12:41:38.008Z", "modified_at": "2018-03-03T12:41:38.008Z", "title": "Uploading files using Django REST framework", "description": "Use Django REST framework to upload documents and images", "slug": "uploading-files-using-django-rest-framework", "skill_level": "IT", "data_type": "BL", "link_url": "https://medium.com/@jxstanford/django-rest-framework-file-upload-e4bc8de669c0#.qnansfdse", "paid": false, "project": false, "languages": [1], "domains": [1]}}, {"model": "courses.knowledgebase", "pk": 7, "fields": {"is_active": true, "created_at": "2018-03-03T13:06:19.728Z", "modified_at": "2018-03-03T13:06:19.728Z", "title": "Building a Slack bot with Django Backend", "description": "Learn how to build a Slackbot using Django as the backend", "slug": "building-a-slack-bot-with-django-backend", "skill_level": "BG", "data_type": "TU", "link_url": "https://chatbotsmagazine.com/slack-bot-with-a-django-backend-101-tutorial-c1aa8ea3f15e#.x4lq3esdv", "paid": false, "project": true, "languages": [1, 2], "domains": [1]}}, {"model": "courses.knowledgebase", "pk": 8, "fields": {"is_active": true, "created_at": "2018-03-03T13:12:09.600Z", "modified_at": "2018-03-03T13:12:09.600Z", "title": "How to build a responsive website", "description": "", "slug": "how-to-build-a-responsive-website", "skill_level": "IT", "data_type": "VI", "link_url": "https://www.youtube.com/playlist?list=PLqGj3iMvMa4KQZUkRjfwMmTq_f1fbxerI", "paid": false, "project": true, "languages": [6, 7], "domains": [1]}}, {"model": "courses.knowledgebase", "pk": 9, "fields": {"is_active": true, "created_at": "2018-03-04T08:13:29.737Z", "modified_at": "2018-03-04T08:13:29.737Z", "title": "Testing Django Signals", "description": "Learn how to test Django signals", "slug": "testing-django-signals", "skill_level": "AD", "data_type": "BL", "link_url": "https://medium.freecodecamp.com/how-to-testing-django-signals-like-a-pro-c7ed74279311#.n5anplyc4", "paid": false, "project": false, "languages": [1], "domains": [1]}}, {"model": "courses.randomdata", "pk": 1, "fields": {"is_active": false, "created_at": "2018-03-03T11:11:44.574Z", "modified_at": "2018-03-03T11:11:44.574Z", "title": "How the Internet Works in 5 Minutes", "description": "Check out my new book, How to Prepare for Everything: www.howtoprepare.com!\r\nThe internet is not a fuzzy cloud. The internet is a wire, actually buried in the ground. Computers connected directly to the internet are called \"Servers,\" while the computers you and I use are \"clients,\" because they are not connected directly to the internet, but through an Internet Service Provider. Routers shuttle packets of information across the internet, and transmit e-mail, pictures, and web pages.", "slug": "how-the-internet-works-in-5-minutes", "link_url": "https://www.youtube.com/watch?v=7_LPdttKXPc", "data_type": "VI", "paid": false}}, {"model": "courses.randomdata", "pk": 2, "fields": {"is_active": true, "created_at": "2018-03-03T11:13:15.734Z", "modified_at": "2018-03-03T11:13:15.734Z", "title": "Visualize algorithms", "description": "Visualize algorithms", "slug": "visualize-algorithms", "link_url": "https://visualgo.net/en", "data_type": "TU", "paid": false}}, {"model": "courses.randomdata", "pk": 3, "fields": {"is_active": false, "created_at": "2018-03-03T12:53:15.071Z", "modified_at": "2018-03-03T12:53:15.071Z", "title": "Free Dev Books", "description": "", "slug": "free-dev-books", "link_url": "https://devfreebooks.github.io/", "data_type": "OT", "paid": false}}, {"model": "courses.randomdata", "pk": 4, "fields": {"is_active": true, "created_at": "2018-03-03T12:53:58.234Z", "modified_at": "2018-03-03T12:53:58.234Z", "title": "What exactly is Net Neutrality?", "description": "", "slug": "what-exactly-is-net-neutrality", "link_url": "https://www.youtube.com/watch?v=q0NloyxJhOk", "data_type": "VI", "paid": false}}, {"model": "courses.randomdata", "pk": 5, "fields": {"is_active": true, "created_at": "2018-03-03T12:54:35.510Z", "modified_at": "2018-03-03T12:54:35.510Z", "title": "Different Storage options", "description": "", "slug": "different-storage-options", "link_url": "https://www.youtube.com/watch?v=bpUzGZLO948", "data_type": "VI", "paid": false}}, {"model": "courses.randomdata", "pk": 6, "fields": {"is_active": true, "created_at": "2018-03-04T08:18:03.169Z", "modified_at": "2018-03-04T08:18:03.169Z", "title": "What Are Microservices?", "description": "The article explains in detail what does a microservice architecture mean and what are the use cases where it should be deployed.", "slug": "what-are-microservices", "link_url": "http://microservices.io/patterns/microservices.html", "data_type": "BL", "paid": false}}, {"model": "auth.permission", "pk": 1, "fields": {"name": "Can add log entry", "content_type": 1, "codename": "add_logentry"}}, {"model": "auth.permission", "pk": 2, "fields": {"name": "Can change log entry", "content_type": 1, "codename": "change_logentry"}}, {"model": "auth.permission", "pk": 3, "fields": {"name": "Can delete log entry", "content_type": 1, "codename": "delete_logentry"}}, {"model": "auth.permission", "pk": 4, "fields": {"name": "Can add permission", "content_type": 2, "codename": "add_permission"}}, {"model": "auth.permission", "pk": 5, "fields": {"name": "Can change permission", "content_type": 2, "codename": "change_permission"}}, {"model": "auth.permission", "pk": 6, "fields": {"name": "Can delete permission", "content_type": 2, "codename": "delete_permission"}}, {"model": "auth.permission", "pk": 7, "fields": {"name": "Can add group", "content_type": 3, "codename": "add_group"}}, {"model": "auth.permission", "pk": 8, "fields": {"name": "Can change group", "content_type": 3, "codename": "change_group"}}, {"model": "auth.permission", "pk": 9, "fields": {"name": "Can delete group", "content_type": 3, "codename": "delete_group"}}, {"model": "auth.permission", "pk": 10, "fields": {"name": "Can add user", "content_type": 4, "codename": "add_user"}}, {"model": "auth.permission", "pk": 11, "fields": {"name": "Can change user", "content_type": 4, "codename": "change_user"}}, {"model": "auth.permission", "pk": 12, "fields": {"name": "Can delete user", "content_type": 4, "codename": "delete_user"}}, {"model": "auth.permission", "pk": 13, "fields": {"name": "Can add content type", "content_type": 5, "codename": "add_contenttype"}}, {"model": "auth.permission", "pk": 14, "fields": {"name": "Can change content type", "content_type": 5, "codename": "change_contenttype"}}, {"model": "auth.permission", "pk": 15, "fields": {"name": "Can delete content type", "content_type": 5, "codename": "delete_contenttype"}}, {"model": "auth.permission", "pk": 16, "fields": {"name": "Can add session", "content_type": 6, "codename": "add_session"}}, {"model": "auth.permission", "pk": 17, "fields": {"name": "Can change session", "content_type": 6, "codename": "change_session"}}, {"model": "auth.permission", "pk": 18, "fields": {"name": "Can delete session", "content_type": 6, "codename": "delete_session"}}, {"model": "auth.permission", "pk": 19, "fields": {"name": "Can add domain", "content_type": 7, "codename": "add_domain"}}, {"model": "auth.permission", "pk": 20, "fields": {"name": "Can change domain", "content_type": 7, "codename": "change_domain"}}, {"model": "auth.permission", "pk": 21, "fields": {"name": "Can delete domain", "content_type": 7, "codename": "delete_domain"}}, {"model": "auth.permission", "pk": 22, "fields": {"name": "Can add knowledge base", "content_type": 8, "codename": "add_knowledgebase"}}, {"model": "auth.permission", "pk": 23, "fields": {"name": "Can change knowledge base", "content_type": 8, "codename": "change_knowledgebase"}}, {"model": "auth.permission", "pk": 24, "fields": {"name": "Can delete knowledge base", "content_type": 8, "codename": "delete_knowledgebase"}}, {"model": "auth.permission", "pk": 25, "fields": {"name": "Can add language", "content_type": 9, "codename": "add_language"}}, {"model": "auth.permission", "pk": 26, "fields": {"name": "Can change language", "content_type": 9, "codename": "change_language"}}, {"model": "auth.permission", "pk": 27, "fields": {"name": "Can delete language", "content_type": 9, "codename": "delete_language"}}, {"model": "auth.permission", "pk": 28, "fields": {"name": "Can add random data", "content_type": 10, "codename": "add_randomdata"}}, {"model": "auth.permission", "pk": 29, "fields": {"name": "Can change random data", "content_type": 10, "codename": "change_randomdata"}}, {"model": "auth.permission", "pk": 30, "fields": {"name": "Can delete random data", "content_type": 10, "codename": "delete_randomdata"}}, {"model": "auth.permission", "pk": 31, "fields": {"name": "Can add soft skills", "content_type": 11, "codename": "add_softskills"}}, {"model": "auth.permission", "pk": 32, "fields": {"name": "Can change soft skills", "content_type": 11, "codename": "change_softskills"}}, {"model": "auth.permission", "pk": 33, "fields": {"name": "Can delete soft skills", "content_type": 11, "codename": "delete_softskills"}}, {"model": "auth.permission", "pk": 34, "fields": {"name": "Can add soft skills data", "content_type": 12, "codename": "add_softskillsdata"}}, {"model": "auth.permission", "pk": 35, "fields": {"name": "Can change soft skills data", "content_type": 12, "codename": "change_softskillsdata"}}, {"model": "auth.permission", "pk": 36, "fields": {"name": "Can delete soft skills data", "content_type": 12, "codename": "delete_softskillsdata"}}, {"model": "auth.user", "pk": 1, "fields": {"password": "pbkdf2_sha256$100000$NZ0mDdQJTWTP$2axM0YEnku/GypBWSpKJa9SaMbBLwKTJUq/cIIn9sDQ=", "last_login": "2018-03-03T09:41:02.719Z", "is_superuser": true, "username": "paritosh", "first_name": "", "last_name": "", "email": "", "is_staff": true, "is_active": true, "date_joined": "2018-03-03T09:40:35.742Z", "groups": [], "user_permissions": []}}, {"model": "admin.logentry", "pk": 1, "fields": {"action_time": "2018-03-03T09:42:12.329Z", "user": 1, "content_type": 7, "object_id": "1", "object_repr": "Web Development-web-development", "action_flag": 1, "change_message": "[{\"added\": {}}]"}}, {"model": "admin.logentry", "pk": 2, "fields": {"action_time": "2018-03-03T09:44:55.295Z", "user": 1, "content_type": 7, "object_id": "2", "object_repr": "Data Structures and Algorithms-data-structures-and-algorithms", "action_flag": 1, "change_message": "[{\"added\": {}}]"}}, {"model": "admin.logentry", "pk": 3, "fields": {"action_time": "2018-03-03T09:45:25.069Z", "user": 1, "content_type": 7, "object_id": "3", "object_repr": "Artificial Intelligence-artificial-intelligence", "action_flag": 1, "change_message": "[{\"added\": {}}]"}}, {"model": "admin.logentry", "pk": 4, "fields": {"action_time": "2018-03-03T09:45:51.981Z", "user": 1, "content_type": 7, "object_id": "4", "object_repr": "Machine Learning-machine-learning", "action_flag": 1, "change_message": "[{\"added\": {}}]"}}, {"model": "admin.logentry", "pk": 5, "fields": {"action_time": "2018-03-03T09:46:37.711Z", "user": 1, "content_type": 9, "object_id": "1", "object_repr": "Python-python", "action_flag": 1, "change_message": "[{\"added\": {}}]"}}, {"model": "admin.logentry", "pk": 6, "fields": {"action_time": "2018-03-03T09:47:10.148Z", "user": 1, "content_type": 9, "object_id": "2", "object_repr": "JavaScript-javascript", "action_flag": 1, "change_message": "[{\"added\": {}}]"}}, {"model": "admin.logentry", "pk": 7, "fields": {"action_time": "2018-03-03T09:48:15.827Z", "user": 1, "content_type": 8, "object_id": "1", "object_repr": "marina-mele-django", "action_flag": 1, "change_message": "[{\"added\": {}}]"}}, {"model": "admin.logentry", "pk": 8, "fields": {"action_time": "2018-03-03T09:49:56.319Z", "user": 1, "content_type": 8, "object_id": "1", "object_repr": "marina-mele-django", "action_flag": 2, "change_message": "[]"}}, {"model": "admin.logentry", "pk": 9, "fields": {"action_time": "2018-03-03T09:52:44.535Z", "user": 1, "content_type": 8, "object_id": "1", "object_repr": "marina-mele-django", "action_flag": 2, "change_message": "[]"}}, {"model": "admin.logentry", "pk": 10, "fields": {"action_time": "2018-03-03T09:57:00.425Z", "user": 1, "content_type": 8, "object_id": "1", "object_repr": "marina-mele-django", "action_flag": 2, "change_message": "[]"}}, {"model": "admin.logentry", "pk": 11, "fields": {"action_time": "2018-03-03T09:57:39.936Z", "user": 1, "content_type": 8, "object_id": "1", "object_repr": "marina-mele-django", "action_flag": 2, "change_message": "[]"}}, {"model": "admin.logentry", "pk": 12, "fields": {"action_time": "2018-03-03T09:57:44.950Z", "user": 1, "content_type": 8, "object_id": "1", "object_repr": "marina-mele-django", "action_flag": 2, "change_message": "[]"}}, {"model": "admin.logentry", "pk": 13, "fields": {"action_time": "2018-03-03T09:59:58.641Z", "user": 1, "content_type": 8, "object_id": "1", "object_repr": "marina-mele-django", "action_flag": 3, "change_message": ""}}, {"model": "admin.logentry", "pk": 14, "fields": {"action_time": "2018-03-03T10:00:34.597Z", "user": 1, "content_type": 8, "object_id": "2", "object_repr": "marina-mele-django", "action_flag": 1, "change_message": "[{\"added\": {}}]"}}, {"model": "admin.logentry", "pk": 15, "fields": {"action_time": "2018-03-03T10:03:13.800Z", "user": 1, "content_type": 8, "object_id": "2", "object_repr": "marina-mele-django", "action_flag": 2, "change_message": "[]"}}, {"model": "admin.logentry", "pk": 16, "fields": {"action_time": "2018-03-03T10:03:20.906Z", "user": 1, "content_type": 8, "object_id": "2", "object_repr": "marina-mele-django", "action_flag": 2, "change_message": "[{\"changed\": {\"fields\": [\"languages\"]}}]"}}, {"model": "admin.logentry", "pk": 17, "fields": {"action_time": "2018-03-03T10:04:43.875Z", "user": 1, "content_type": 8, "object_id": "2", "object_repr": "marina-mele-django", "action_flag": 2, "change_message": "[{\"changed\": {\"fields\": [\"languages\"]}}]"}}, {"model": "admin.logentry", "pk": 18, "fields": {"action_time": "2018-03-03T10:04:50.291Z", "user": 1, "content_type": 8, "object_id": "2", "object_repr": "marina-mele-django", "action_flag": 2, "change_message": "[]"}}, {"model": "admin.logentry", "pk": 19, "fields": {"action_time": "2018-03-03T10:06:22.517Z", "user": 1, "content_type": 8, "object_id": "2", "object_repr": "marina-mele-django", "action_flag": 2, "change_message": "[{\"changed\": {\"fields\": [\"description\"]}}]"}}, {"model": "admin.logentry", "pk": 20, "fields": {"action_time": "2018-03-03T10:06:48.813Z", "user": 1, "content_type": 8, "object_id": "2", "object_repr": "marina-mele-django", "action_flag": 2, "change_message": "[]"}}, {"model": "admin.logentry", "pk": 21, "fields": {"action_time": "2018-03-03T10:07:02.773Z", "user": 1, "content_type": 8, "object_id": "2", "object_repr": "marina-mele-django", "action_flag": 2, "change_message": "[{\"changed\": {\"fields\": [\"description\"]}}]"}}, {"model": "admin.logentry", "pk": 22, "fields": {"action_time": "2018-03-03T10:08:11.855Z", "user": 1, "content_type": 8, "object_id": "3", "object_repr": "complete-python-bootcamp", "action_flag": 1, "change_message": "[{\"added\": {}}]"}}, {"model": "admin.logentry", "pk": 23, "fields": {"action_time": "2018-03-03T10:12:44.140Z", "user": 1, "content_type": 8, "object_id": "3", "object_repr": "complete-python-bootcamp", "action_flag": 2, "change_message": "[]"}}, {"model": "admin.logentry", "pk": 24, "fields": {"action_time": "2018-03-03T10:17:24.710Z", "user": 1, "content_type": 8, "object_id": "3", "object_repr": "complete-python-bootcamp", "action_flag": 2, "change_message": "[]"}}, {"model": "admin.logentry", "pk": 25, "fields": {"action_time": "2018-03-03T10:23:38.040Z", "user": 1, "content_type": 8, "object_id": "3", "object_repr": "complete-python-bootcamp", "action_flag": 2, "change_message": "[]"}}, {"model": "admin.logentry", "pk": 26, "fields": {"action_time": "2018-03-03T10:23:44.252Z", "user": 1, "content_type": 8, "object_id": "3", "object_repr": "complete-python-bootcamp", "action_flag": 2, "change_message": "[]"}}, {"model": "admin.logentry", "pk": 27, "fields": {"action_time": "2018-03-03T10:26:27.355Z", "user": 1, "content_type": 8, "object_id": "3", "object_repr": "complete-python-bootcamp", "action_flag": 2, "change_message": "[{\"changed\": {\"fields\": [\"languages\", \"domains\"]}}]"}}, {"model": "admin.logentry", "pk": 28, "fields": {"action_time": "2018-03-03T10:26:45.979Z", "user": 1, "content_type": 8, "object_id": "2", "object_repr": "marina-mele-django", "action_flag": 2, "change_message": "[{\"changed\": {\"fields\": [\"domains\"]}}]"}}, {"model": "admin.logentry", "pk": 29, "fields": {"action_time": "2018-03-03T10:26:58.459Z", "user": 1, "content_type": 8, "object_id": "2", "object_repr": "marina-mele-django", "action_flag": 2, "change_message": "[{\"changed\": {\"fields\": [\"languages\"]}}]"}}, {"model": "admin.logentry", "pk": 30, "fields": {"action_time": "2018-03-03T10:29:02.372Z", "user": 1, "content_type": 8, "object_id": "2", "object_repr": "marina-mele-django", "action_flag": 2, "change_message": "[{\"changed\": {\"fields\": [\"languages\", \"domains\"]}}]"}}, {"model": "admin.logentry", "pk": 31, "fields": {"action_time": "2018-03-03T10:29:08.120Z", "user": 1, "content_type": 8, "object_id": "2", "object_repr": "marina-mele-django", "action_flag": 2, "change_message": "[]"}}, {"model": "admin.logentry", "pk": 32, "fields": {"action_time": "2018-03-03T10:29:35.666Z", "user": 1, "content_type": 8, "object_id": "2", "object_repr": "marina-mele-django", "action_flag": 2, "change_message": "[{\"changed\": {\"fields\": [\"languages\", \"domains\"]}}]"}}, {"model": "admin.logentry", "pk": 33, "fields": {"action_time": "2018-03-03T11:11:44.576Z", "user": 1, "content_type": 10, "object_id": "1", "object_repr": "How the Internet Works in 5 Minutes-how-the-internet-works-in-5-minutes", "action_flag": 1, "change_message": "[{\"added\": {}}]"}}, {"model": "admin.logentry", "pk": 34, "fields": {"action_time": "2018-03-03T11:13:15.734Z", "user": 1, "content_type": 10, "object_id": "2", "object_repr": "Visualize algorithms-visualize-algorithms", "action_flag": 1, "change_message": "[{\"added\": {}}]"}}, {"model": "admin.logentry", "pk": 35, "fields": {"action_time": "2018-03-03T11:13:59.811Z", "user": 1, "content_type": 11, "object_id": "1", "object_repr": "Time Management-time-management", "action_flag": 1, "change_message": "[{\"added\": {}}]"}}, {"model": "admin.logentry", "pk": 36, "fields": {"action_time": "2018-03-03T11:14:14.731Z", "user": 1, "content_type": 11, "object_id": "2", "object_repr": "Stress Management-stress-management", "action_flag": 1, "change_message": "[{\"added\": {}}]"}}, {"model": "admin.logentry", "pk": 37, "fields": {"action_time": "2018-03-03T11:15:17.581Z", "user": 1, "content_type": 12, "object_id": "1", "object_repr": "How to reduce and cope with stress-how-to-reduce-and-cope-with-stress", "action_flag": 1, "change_message": "[{\"added\": {}}]"}}, {"model": "admin.logentry", "pk": 38, "fields": {"action_time": "2018-03-03T11:16:33.502Z", "user": 1, "content_type": 12, "object_id": "2", "object_repr": "Time Management Skills-time-management-skills", "action_flag": 1, "change_message": "[{\"added\": {}}]"}}, {"model": "admin.logentry", "pk": 39, "fields": {"action_time": "2018-03-03T12:20:11.960Z", "user": 1, "content_type": 8, "object_id": "2", "object_repr": "marina-mele-django", "action_flag": 2, "change_message": "[{\"changed\": {\"fields\": [\"is_active\"]}}]"}}, {"model": "admin.logentry", "pk": 40, "fields": {"action_time": "2018-03-03T12:20:15.592Z", "user": 1, "content_type": 8, "object_id": "3", "object_repr": "complete-python-bootcamp", "action_flag": 2, "change_message": "[]"}}, {"model": "admin.logentry", "pk": 41, "fields": {"action_time": "2018-03-03T12:20:22.311Z", "user": 1, "content_type": 8, "object_id": "3", "object_repr": "complete-python-bootcamp", "action_flag": 2, "change_message": "[{\"changed\": {\"fields\": [\"is_active\"]}}]"}}, {"model": "admin.logentry", "pk": 42, "fields": {"action_time": "2018-03-03T12:37:32.069Z", "user": 1, "content_type": 8, "object_id": "4", "object_repr": "django-orm-optimizations", "action_flag": 1, "change_message": "[{\"added\": {}}]"}}, {"model": "admin.logentry", "pk": 43, "fields": {"action_time": "2018-03-03T12:38:22.120Z", "user": 1, "content_type": 8, "object_id": "5", "object_repr": "machine-learning-in-python-with-scikit-learn", "action_flag": 1, "change_message": "[{\"added\": {}}]"}}, {"model": "admin.logentry", "pk": 44, "fields": {"action_time": "2018-03-03T12:41:38.027Z", "user": 1, "content_type": 8, "object_id": "6", "object_repr": "uploading-files-using-django-rest-framework", "action_flag": 1, "change_message": "[{\"added\": {}}]"}}, {"model": "admin.logentry", "pk": 45, "fields": {"action_time": "2018-03-03T12:48:28.859Z", "user": 1, "content_type": 11, "object_id": "3", "object_repr": "Personal Interview Tips-personal-interview-tips", "action_flag": 1, "change_message": "[{\"added\": {}}]"}}, {"model": "admin.logentry", "pk": 46, "fields": {"action_time": "2018-03-03T12:48:54.278Z", "user": 1, "content_type": 11, "object_id": "4", "object_repr": "Body Language-body-language", "action_flag": 1, "change_message": "[{\"added\": {}}]"}}, {"model": "admin.logentry", "pk": 47, "fields": {"action_time": "2018-03-03T12:49:49.580Z", "user": 1, "content_type": 12, "object_id": "3", "object_repr": "Interview  Body Language-interview-body-language", "action_flag": 1, "change_message": "[{\"added\": {}}]"}}, {"model": "admin.logentry", "pk": 48, "fields": {"action_time": "2018-03-03T12:50:50.260Z", "user": 1, "content_type": 11, "object_id": "5", "object_repr": "Group Discussion-group-discussion", "action_flag": 1, "change_message": "[{\"added\": {}}]"}}, {"model": "admin.logentry", "pk": 49, "fields": {"action_time": "2018-03-03T12:52:19.858Z", "user": 1, "content_type": 12, "object_id": "4", "object_repr": "Group Discussion video with tips and pointers-group-discussion-video-with-tips-and-pointers", "action_flag": 1, "change_message": "[{\"added\": {}}]"}}, {"model": "admin.logentry", "pk": 50, "fields": {"action_time": "2018-03-03T12:53:15.072Z", "user": 1, "content_type": 10, "object_id": "3", "object_repr": "Free Dev Books-free-dev-books", "action_flag": 1, "change_message": "[{\"added\": {}}]"}}, {"model": "admin.logentry", "pk": 51, "fields": {"action_time": "2018-03-03T12:53:58.235Z", "user": 1, "content_type": 10, "object_id": "4", "object_repr": "What exactly is Net Neutrality?-what-exactly-is-net-neutrality", "action_flag": 1, "change_message": "[{\"added\": {}}]"}}, {"model": "admin.logentry", "pk": 52, "fields": {"action_time": "2018-03-03T12:54:35.511Z", "user": 1, "content_type": 10, "object_id": "5", "object_repr": "Different Storage options-different-storage-options", "action_flag": 1, "change_message": "[{\"added\": {}}]"}}, {"model": "admin.logentry", "pk": 53, "fields": {"action_time": "2018-03-03T12:55:54.019Z", "user": 1, "content_type": 9, "object_id": "3", "object_repr": "C++-c", "action_flag": 1, "change_message": "[{\"added\": {}}]"}}, {"model": "admin.logentry", "pk": 54, "fields": {"action_time": "2018-03-03T12:57:59.188Z", "user": 1, "content_type": 9, "object_id": "4", "object_repr": "Java-java", "action_flag": 1, "change_message": "[{\"added\": {}}]"}}, {"model": "admin.logentry", "pk": 55, "fields": {"action_time": "2018-03-03T12:59:14.142Z", "user": 1, "content_type": 9, "object_id": "5", "object_repr": "R-r", "action_flag": 1, "change_message": "[{\"added\": {}}]"}}, {"model": "admin.logentry", "pk": 56, "fields": {"action_time": "2018-03-03T13:06:19.746Z", "user": 1, "content_type": 8, "object_id": "7", "object_repr": "building-a-slack-bot-with-django-backend", "action_flag": 1, "change_message": "[{\"added\": {}}]"}}, {"model": "admin.logentry", "pk": 57, "fields": {"action_time": "2018-03-03T13:08:36.384Z", "user": 1, "content_type": 9, "object_id": "6", "object_repr": "HTML-html", "action_flag": 1, "change_message": "[{\"added\": {}}]"}}, {"model": "admin.logentry", "pk": 58, "fields": {"action_time": "2018-03-03T13:09:32.207Z", "user": 1, "content_type": 9, "object_id": "7", "object_repr": "CSS-css", "action_flag": 1, "change_message": "[{\"added\": {}}]"}}, {"model": "admin.logentry", "pk": 59, "fields": {"action_time": "2018-03-03T13:12:09.624Z", "user": 1, "content_type": 8, "object_id": "8", "object_repr": "how-to-build-a-responsive-website", "action_flag": 1, "change_message": "[{\"added\": {}}]"}}, {"model": "admin.logentry", "pk": 60, "fields": {"action_time": "2018-03-04T07:43:39.956Z", "user": 1, "content_type": 9, "object_id": "8", "object_repr": "Ruby-ruby", "action_flag": 1, "change_message": "[{\"added\": {}}]"}}, {"model": "admin.logentry", "pk": 61, "fields": {"action_time": "2018-03-04T07:47:11.588Z", "user": 1, "content_type": 7, "object_id": "5", "object_repr": "Data Science-data-science", "action_flag": 1, "change_message": "[{\"added\": {}}]"}}, {"model": "admin.logentry", "pk": 62, "fields": {"action_time": "2018-03-04T07:53:58.878Z", "user": 1, "content_type": 9, "object_id": "12", "object_repr": "C Language-c-language", "action_flag": 1, "change_message": "[{\"added\": {}}]"}}, {"model": "admin.logentry", "pk": 63, "fields": {"action_time": "2018-03-04T07:54:06.671Z", "user": 1, "content_type": 9, "object_id": "12", "object_repr": "C-c-language", "action_flag": 2, "change_message": "[{\"changed\": {\"fields\": [\"language_name\"]}}]"}}, {"model": "admin.logentry", "pk": 64, "fields": {"action_time": "2018-03-04T07:54:35.239Z", "user": 1, "content_type": 9, "object_id": "12", "object_repr": "C-c-language", "action_flag": 3, "change_message": ""}}, {"model": "admin.logentry", "pk": 65, "fields": {"action_time": "2018-03-04T08:04:05.092Z", "user": 1, "content_type": 9, "object_id": "15", "object_repr": "C-c-S5xVPIxs3s", "action_flag": 1, "change_message": "[{\"added\": {}}]"}}, {"model": "admin.logentry", "pk": 66, "fields": {"action_time": "2018-03-04T08:08:49.302Z", "user": 1, "content_type": 9, "object_id": "15", "object_repr": "C-c-S5xVPIxs3s", "action_flag": 3, "change_message": ""}}, {"model": "admin.logentry", "pk": 67, "fields": {"action_time": "2018-03-04T08:09:53.272Z", "user": 1, "content_type": 9, "object_id": "17", "object_repr": "C-c-O097BXDHHP", "action_flag": 1, "change_message": "[{\"added\": {}}]"}}, {"model": "admin.logentry", "pk": 68, "fields": {"action_time": "2018-03-04T08:13:29.760Z", "user": 1, "content_type": 8, "object_id": "9", "object_repr": "testing-django-signals", "action_flag": 1, "change_message": "[{\"added\": {}}]"}}, {"model": "admin.logentry", "pk": 69, "fields": {"action_time": "2018-03-04T08:15:23.833Z", "user": 1, "content_type": 11, "object_id": "6", "object_repr": "Improving English-improving-english", "action_flag": 1, "change_message": "[{\"added\": {}}]"}}, {"model": "admin.logentry", "pk": 70, "fields": {"action_time": "2018-03-04T08:16:16.171Z", "user": 1, "content_type": 12, "object_id": "5", "object_repr": "Playlist Consisting Of English Lessons-playlist-consisting-of-english-lessons", "action_flag": 1, "change_message": "[{\"added\": {}}]"}}, {"model": "admin.logentry", "pk": 71, "fields": {"action_time": "2018-03-04T08:18:03.171Z", "user": 1, "content_type": 10, "object_id": "6", "object_repr": "What Are Microservices?-what-are-microservices", "action_flag": 1, "change_message": "[{\"added\": {}}]"}}]